SKU,Name,Cost,Barcode
100,B/M O/L FISH OIL MINI 200 CAPS,$18.09,9.30081E+12
10124,OHSO NO ADD SUG PROB CHC 94.5G,$5.75,9.999E+12
10171,NAT/WAY COLLAGEN GUMMIES 40S,$13.57,9.31481E+12
10172,NAT/WAY BEAUTY COLLAGEN 60 TAB,$18.51,9.31481E+12
10175,BIOGLAN GLUCS+CHON+TUMRIC 120T,$29.48,9.3235E+12
10179,NAT/WAY GUMMIES ADULT HSN 60S,$16.85,9.31481E+12
10180,NAT/WAY VG ADULT CRANBERRY 50S,$15.04,9.31481E+12
10195,OSTEVIT-D ONE A WEEK 30 CAPS,$13.74,9.3135E+12
10211,BIOGLAN LUNG CLEAR 60 TABS,$26.30,9.3235E+12
10214,BIOGLAN BIO HPPY LIVR DETX 120,$20.52,9.3235E+12
10215,BIOGLAN BIO HPPY CLRY CLNS 60C,$21.81,9.3235E+12
10241,BEROCCA PERF FIZZ MELT ORNG 14,$7.39,9.31016E+12
10250,BEROCCA PERF FIZZY MELT BRY 14,$7.39,9.31016E+12
10251,ETH/NUT MEGA MAG PWD CTRS 450G,$44.58,9.31577E+12
10253,QSILICA BEAUTY SLEEP 60 TABS,$27.07,9.33414E+12
104830,B/M VALERIAN FORTE TAB 60,$21.40,93447744
10508,NAT/WAY KIDS/S YOGH BALLS 50,$12.02,9.31481E+12
10509,NAT/WAY KIDS/S V/G IMMUNITY 60,$10.39,9.31481E+12
10510,NAT/WAY VG WOMENS MULTI 100S,$16.85,9.31481E+12
105822,CENOVIS MEGA C 1000 VP 60 TAB,$8.98,9.30071E+12
106756,NAT/WAY MEGA EPO 200'S,$38.29,9.31481E+12
108420,BIO/ORG 8836 CRANBRY 10000+ 60,$18.04,9.31609E+12
108615,NAT/OWN 2606 HAIR/SKIN&NAIL60,$7.18,9.31609E+12
108704,NAT/OWN 2923 VTX AGN 1000MG 60,$14.53,9.999E+12
108782,NAT/OWN 211 VIT B1 250 75 TAB,$10.79,9.31609E+12
108783,NAT/OWN 214 VIT B2 100MG 100,$9.61,9.31609E+12
108785,NAT/OWN 219 VIT B3 500 60 TAB,$7.81,9.31609E+12
108796,NAT/OWN 238 VIT B12 250MCG 75,$10.53,9.31609E+12
108798,NAT/OWN 240 FOLIC ACID 100,$5.17,9.31609E+12
108813,NAT/OWN 268 MEGA B 150MG 30,$10.81,9.31609E+12
108826,NAT/OWN 286 VIT C 1000MG 60,$9.75,9.31609E+12
108829,NAT/OWN 290 VIT C + RH 50 TAB,$9.33,9.31609E+12
108874,NAT/OWN CHROMIUM PICO 200,$13.08,9.31609E+12
108876,NAT/OWN 378 IRON CHEL 50MG 50,$8.22,2.93161E+13
108884,NAT/OWN ZINC+VIT C 60 TAB,$9.95,9.31609E+12
109024,NAT/OWN 1671 JOIN SWEL REL 50T,$12.00,9.31609E+12
109047,NAT/OWN 739 TS GAR HRAD C 60,$13.59,2.93161E+13
110240,BIOGLAN CAL C PWDR 100G 3006.,$10.34,9.999E+12
11069,$2.50 OFF NWAY VG OMEGA110COUP,$0.00,9.31314E+12
11081,5.00 OFF BGLAN GRAPE SEED 200C,$0.00,9.31314E+12
11082,2.00 OFF BGLAN COCO OIL 300G,$0.00,9.31314E+12
11329,B/M $2 OFF COUPON,$0.00,9.31314E+12
11334,THOM CRANBERRY 60000MG 60 CAPS,$18.67,9.31215E+12
11466,ENLIVA 30 CAPS $5 OFF COUPON,$0.00,9.31314E+12
11473,FAULDING VIT C 1000MG 150T,$15.22,9.3161E+12
115266,HORNY GOAT WEED 4 HER T50,$21.81,9.32574E+12
11675,CENOVIS EASYSLEEP 2000M 30CAP,$9.79,9.30071E+12
11947,SWISSE U/B H/S VITX 1500MG 60T,$19.36,9.31177E+12
11948,SWISSE U/B LIQUID IRON 500ML,$34.58,9.31177E+12
11975,NAT/OWN KELP 1000MG 200 TABS,$21.70,9.31609E+12